"","ID","Year","Age","Gender","Race.Ethnicity","Household.Income","Education.Quality.Satisfaction.num","Education.Quality.Satisfaction.label","Housing.Condition.Satisfaction.num","Housing.Condition.Satisfaction.label","Feel.Part.Community.num","Feel.Part.Community.label","Somerville.Satisfaction.num","Somerville.Satisfaction.label","Happiness.num"
"1",2500001,2025,"25 to 34","Nonbinary","White","$100,000 to $149,999",3,"Neutral",4,"Satisfied",4,"Agree",4,"Satisfied",2
"2",2500005,2025,"18 to 24","Man","Two or more races","$75,000 to $99,999",4,"Satisfied",3,"Neutral",4,"Agree",5,"Very Satisfied",5
"3",2500007,2025,"","Man","Hispanic or Latino","Less than $25,000",3,"Neutral",4,"Satisfied",4,"Agree",4,"Satisfied",4
"4",2500009,2025,"35 to 44","Man","White","$150,000 to $199,999",3,"Neutral",4,"Satisfied",5,"Strongly Agree",2,"Unsatisfied",2
"5",2500010,2025,"35 to 44","Woman","Asian or Pacific Islander","$200,000 or more",4,"Satisfied",5,"Very Satisfied",5,"Strongly Agree",4,"Satisfied",4
"6",2500011,2025,"55 to 64","Man","White","$200,000 or more",5,"Very Satisfied",5,"Very Satisfied",4,"Agree",5,"Very Satisfied",4
"7",2500013,2025,"55 to 64","Man","White","$100,000 to $149,999",4,"Satisfied",5,"Very Satisfied",4,"Agree",4,"Satisfied",3
"8",2500015,2025,"75 or over","Woman","Black or African American","$50,000 to $74,999",5,"Very Satisfied",5,"Very Satisfied",5,"Strongly Agree",5,"Very Satisfied",5
"9",2500016,2025,"65 to 74","Woman","White","$50,000 to $74,999",2,"Unsatisfied",2,"Unsatisfied",1,"Strongly Disagree",1,"Very Unsatisfied",2
"10",2500022,2025,"Prefer not to answer","Prefer not to answer","Prefer not to answer","Prefer not to answer",4,"Satisfied",4,"Satisfied",4,"Agree",4,"Satisfied",4
"11",2500025,2025,"65 to 74","Woman","White","$200,000 or more",3,"Neutral",5,"Very Satisfied",5,"Strongly Agree",4,"Satisfied",4
"12",2500029,2025,"65 to 74","Woman","White","$75,000 to $99,999",3,"Neutral",5,"Very Satisfied",4,"Agree",5,"Very Satisfied",4
"13",2500031,2025,"65 to 74","Woman","White","Less than $25,000",3,"Neutral",3,"Neutral",2,"Disagree",2,"Unsatisfied",3
"14",2500034,2025,"45 to 54","Woman","Prefer not to answer","$150,000 to $199,999",1,"Very Unsatisfied",3,"Neutral",2,"Disagree",1,"Very Unsatisfied",1
"15",2500035,2025,"Prefer not to answer","Prefer not to answer","Prefer not to answer","Prefer not to answer",1,"Very Unsatisfied",3,"Neutral",1,"Strongly Disagree",1,"Very Unsatisfied",1
"16",2500036,2025,"45 to 54","Woman","White","$75,000 to $99,999",1,"Very Unsatisfied",5,"Very Satisfied",1,"Strongly Disagree",1,"Very Unsatisfied",3
"17",2500037,2025,"55 to 64","Woman","White","$200,000 or more",5,"Very Satisfied",5,"Very Satisfied",5,"Strongly Agree",5,"Very Satisfied",4
"18",2500040,2025,"45 to 54","Woman","White","$50,000 to $74,999",2,"Unsatisfied",4,"Satisfied",3,"Neutral",2,"Unsatisfied",3
"19",2500045,2025,"45 to 54","Man","White","$200,000 or more",2,"Unsatisfied",5,"Very Satisfied",2,"Disagree",1,"Very Unsatisfied",4
"20",2500055,2025,"35 to 44","Prefer not to answer","White","$75,000 to $99,999",1,"Very Unsatisfied",2,"Unsatisfied",1,"Strongly Disagree",2,"Unsatisfied",2
"21",2500058,2025,"45 to 54","Man","Hispanic or Latino","Prefer not to answer",4,"Satisfied",4,"Satisfied",4,"Agree",5,"Very Satisfied",4
"22",2500060,2025,"55 to 64","Man","Black or African American","$25,000 to $49,999",4,"Satisfied",5,"Very Satisfied",5,"Strongly Agree",5,"Very Satisfied",3
"23",2500061,2025,"35 to 44","Woman","Asian or Pacific Islander","$150,000 to $199,999",2,"Unsatisfied",4,"Satisfied",5,"Strongly Agree",5,"Very Satisfied",4
"24",2500062,2025,"45 to 54","Woman","White","$50,000 to $74,999",4,"Satisfied",4,"Satisfied",4,"Agree",5,"Very Satisfied",3
"25",2500064,2025,"75 or over","Woman","White","Less than $25,000",3,"Neutral",5,"Very Satisfied",5,"Strongly Agree",5,"Very Satisfied",5
"26",2500065,2025,"65 to 74","Woman","White","$100,000 to $149,999",4,"Satisfied",5,"Very Satisfied",5,"Strongly Agree",5,"Very Satisfied",4
"27",2500066,2025,"35 to 44","Prefer not to answer","Prefer not to answer","Prefer not to answer",3,"Neutral",5,"Very Satisfied",4,"Agree",5,"Very Satisfied",4
"28",2500067,2025,"","Woman","White","$200,000 or more",4,"Satisfied",5,"Very Satisfied",5,"Strongly Agree",5,"Very Satisfied",4
"29",2500073,2025,"55 to 64","Man","White","$75,000 to $99,999",3,"Neutral",4,"Satisfied",2,"Disagree",1,"Very Unsatisfied",5
"30",2500075,2025,"55 to 64","Man","White","$75,000 to $99,999",3,"Neutral",4,"Satisfied",3,"Neutral",2,"Unsatisfied",2
"31",2500076,2025,"35 to 44","Woman","White","$100,000 to $149,999",5,"Very Satisfied",5,"Very Satisfied",3,"Neutral",4,"Satisfied",4
"32",2500078,2025,"25 to 34","Man","White","$200,000 or more",4,"Satisfied",5,"Very Satisfied",4,"Agree",4,"Satisfied",4
"33",2500081,2025,"25 to 34","Woman","White","$75,000 to $99,999",3,"Neutral",5,"Very Satisfied",4,"Agree",5,"Very Satisfied",4
"34",2500082,2025,"25 to 34","Woman","White","$75,000 to $99,999",3,"Neutral",4,"Satisfied",3,"Neutral",4,"Satisfied",5
"35",2500085,2025,"35 to 44","Woman","Prefer not to answer","Prefer not to answer",2,"Unsatisfied",3,"Neutral",3,"Neutral",4,"Satisfied",3
"36",2500086,2025,"55 to 64","Woman","Hispanic or Latino","Prefer not to answer",3,"Neutral",4,"Satisfied",3,"Neutral",4,"Satisfied",4
"37",2500089,2025,"","Woman","White","",1,"Very Unsatisfied",3,"Neutral",3,"Neutral",2,"Unsatisfied",2
"38",2500090,2025,"75 or over","Man","White","$50,000 to $74,999",3,"Neutral",5,"Very Satisfied",4,"Agree",4,"Satisfied",3
"39",2500093,2025,"45 to 54","Man","White","$150,000 to $199,999",4,"Satisfied",5,"Very Satisfied",5,"Strongly Agree",5,"Very Satisfied",4
"40",2500094,2025,"45 to 54","Woman","White","$200,000 or more",2,"Unsatisfied",4,"Satisfied",4,"Agree",4,"Satisfied",4
"41",2500101,2025,"35 to 44","Man","Asian or Pacific Islander","$200,000 or more",2,"Unsatisfied",4,"Satisfied",4,"Agree",5,"Very Satisfied",4
"42",2500102,2025,"","Man","White","$100,000 to $149,999",3,"Neutral",5,"Very Satisfied",4,"Agree",4,"Satisfied",3
"43",2500104,2025,"45 to 54","Woman","Hispanic or Latino","$150,000 to $199,999",4,"Satisfied",5,"Very Satisfied",5,"Strongly Agree",4,"Satisfied",4
"44",2500106,2025,"","Woman","White","$200,000 or more",5,"Very Satisfied",4,"Satisfied",3,"Neutral",4,"Satisfied",3
"45",2500107,2025,"25 to 34","Man","White","$150,000 to $199,999",4,"Satisfied",5,"Very Satisfied",4,"Agree",5,"Very Satisfied",5
"46",2500112,2025,"25 to 34","Woman","White","$200,000 or more",5,"Very Satisfied",5,"Very Satisfied",4,"Agree",5,"Very Satisfied",5
"47",2500114,2025,"45 to 54","Woman","Hispanic or Latino","Prefer not to answer",4,"Satisfied",4,"Satisfied",3,"Neutral",4,"Satisfied",4
"48",2500115,2025,"25 to 34","Nonbinary","White","Prefer not to answer",3,"Neutral",4,"Satisfied",4,"Agree",4,"Satisfied",5
"49",2500116,2025,"35 to 44","Man","White","$100,000 to $149,999",3,"Neutral",4,"Satisfied",4,"Agree",4,"Satisfied",3
"50",2500117,2025,"65 to 74","Man","Asian or Pacific Islander","$50,000 to $74,999",4,"Satisfied",5,"Very Satisfied",5,"Strongly Agree",4,"Satisfied",4
"51",2500119,2025,"45 to 54","Man","White","$100,000 to $149,999",3,"Neutral",3,"Neutral",4,"Agree",1,"Very Unsatisfied",4
"52",2500120,2025,"25 to 34","Woman","White","$200,000 or more",5,"Very Satisfied",2,"Unsatisfied",3,"Neutral",4,"Satisfied",3
"53",2500124,2025,"","Woman","White","$200,000 or more",4,"Satisfied",5,"Very Satisfied",5,"Strongly Agree",4,"Satisfied",4
"54",2500130,2025,"25 to 34","Man","White","$200,000 or more",2,"Unsatisfied",5,"Very Satisfied",4,"Agree",4,"Satisfied",5
"55",2500137,2025,"25 to 34","Woman","Asian or Pacific Islander","$200,000 or more",3,"Neutral",4,"Satisfied",4,"Agree",5,"Very Satisfied",5
"56",2500139,2025,"35 to 44","Woman","White","$100,000 to $149,999",3,"Neutral",4,"Satisfied",4,"Agree",3,"Neutral",3
"57",2500140,2025,"65 to 74","Woman","White","$100,000 to $149,999",4,"Satisfied",5,"Very Satisfied",5,"Strongly Agree",5,"Very Satisfied",5
"58",2500147,2025,"25 to 34","Man","Asian or Pacific Islander","$150,000 to $199,999",5,"Very Satisfied",2,"Unsatisfied",2,"Disagree",4,"Satisfied",4
"59",2500148,2025,"75 or over","Man","Hispanic or Latino","Less than $25,000",4,"Satisfied",5,"Very Satisfied",4,"Agree",5,"Very Satisfied",5
"60",2500149,2025,"35 to 44","Woman","White","$150,000 to $199,999",2,"Unsatisfied",4,"Satisfied",4,"Agree",3,"Neutral",4
"61",2500151,2025,"25 to 34","Woman","White","Prefer not to answer",3,"Neutral",4,"Satisfied",2,"Disagree",5,"Very Satisfied",3
"62",2500153,2025,"25 to 34","Woman","White","$200,000 or more",3,"Neutral",3,"Neutral",4,"Agree",5,"Very Satisfied",4
"63",2500154,2025,"","Woman","White","Prefer not to answer",2,"Unsatisfied",5,"Very Satisfied",2,"Disagree",1,"Very Unsatisfied",3
"64",2500156,2025,"75 or over","Prefer not to answer","Hispanic or Latino","Less than $25,000",5,"Very Satisfied",3,"Neutral",3,"Neutral",5,"Very Satisfied",3
"65",2500159,2025,"75 or over","Woman","White","Prefer not to answer",4,"Satisfied",5,"Very Satisfied",5,"Strongly Agree",5,"Very Satisfied",5
"66",2500160,2025,"35 to 44","Woman","White","$200,000 or more",4,"Satisfied",5,"Very Satisfied",4,"Agree",4,"Satisfied",4
"67",2500161,2025,"45 to 54","Woman","Hispanic or Latino","$75,000 to $99,999",4,"Satisfied",4,"Satisfied",4,"Agree",4,"Satisfied",3
"68",2500165,2025,"18 to 24","Woman","White","Prefer not to answer",3,"Neutral",4,"Satisfied",2,"Disagree",4,"Satisfied",3
"69",2500166,2025,"","Prefer not to answer","Prefer not to answer","Prefer not to answer",3,"Neutral",3,"Neutral",4,"Agree",3,"Neutral",4
"70",2500167,2025,"35 to 44","Woman","White","$200,000 or more",2,"Unsatisfied",5,"Very Satisfied",4,"Agree",4,"Satisfied",5
"71",2500168,2025,"","Man","White","$25,000 to $49,999",3,"Neutral",5,"Very Satisfied",3,"Neutral",5,"Very Satisfied",4
"72",2500177,2025,"75 or over","Woman","White","Prefer not to answer",5,"Very Satisfied",5,"Very Satisfied",5,"Strongly Agree",5,"Very Satisfied",5
"73",2500182,2025,"55 to 64","Man","White","$200,000 or more",3,"Neutral",5,"Very Satisfied",4,"Agree",2,"Unsatisfied",4
"74",2500183,2025,"25 to 34","Man","White","$150,000 to $199,999",3,"Neutral",3,"Neutral",4,"Agree",4,"Satisfied",4
"75",2500184,2025,"45 to 54","Woman","Two or more races","Less than $25,000",4,"Satisfied",4,"Satisfied",1,"Strongly Disagree",1,"Very Unsatisfied",2
"76",2500186,2025,"35 to 44","Woman","Asian or Pacific Islander","$200,000 or more",2,"Unsatisfied",4,"Satisfied",4,"Agree",4,"Satisfied",4
"77",2500187,2025,"","","White","$100,000 to $149,999",4,"Satisfied",4,"Satisfied",4,"Agree",4,"Satisfied",5
"78",2500188,2025,"25 to 34","Prefer not to answer","White","$200,000 or more",3,"Neutral",4,"Satisfied",4,"Agree",3,"Neutral",3
"79",2500189,2025,"75 or over","Woman","White","$75,000 to $99,999",4,"Satisfied",5,"Very Satisfied",4,"Agree",4,"Satisfied",4
"80",2500192,2025,"","Man","White","$200,000 or more",3,"Neutral",5,"Very Satisfied",4,"Agree",4,"Satisfied",5
"81",2500193,2025,"65 to 74","Woman","White","Prefer not to answer",5,"Very Satisfied",5,"Very Satisfied",4,"Agree",5,"Very Satisfied",4
"82",2500196,2025,"35 to 44","Man","White","$200,000 or more",4,"Satisfied",5,"Very Satisfied",4,"Agree",5,"Very Satisfied",4
"83",2500198,2025,"25 to 34","Man","Asian or Pacific Islander","$200,000 or more",2,"Unsatisfied",4,"Satisfied",3,"Neutral",3,"Neutral",4
"84",2500199,2025,"","Prefer not to answer","Prefer not to answer","$150,000 to $199,999",3,"Neutral",5,"Very Satisfied",3,"Neutral",1,"Very Unsatisfied",5
"85",2500205,2025,"45 to 54","Woman","White","Prefer not to answer",2,"Unsatisfied",3,"Neutral",1,"Strongly Disagree",1,"Very Unsatisfied",1
"86",2500207,2025,"75 or over","Man","White","$25,000 to $49,999",5,"Very Satisfied",5,"Very Satisfied",3,"Neutral",4,"Satisfied",3
"87",2500209,2025,"","Man","White","Less than $25,000",3,"Neutral",3,"Neutral",2,"Disagree",3,"Neutral",2
"88",2500215,2025,"45 to 54","Woman","White","$100,000 to $149,999",2,"Unsatisfied",4,"Satisfied",4,"Agree",4,"Satisfied",3
"89",2500221,2025,"35 to 44","Man","White","$150,000 to $199,999",1,"Very Unsatisfied",3,"Neutral",3,"Neutral",4,"Satisfied",3
"90",2500225,2025,"75 or over","Woman","White","Less than $25,000",3,"Neutral",1,"Very Unsatisfied",3,"Neutral",3,"Neutral",5
"91",2500227,2025,"25 to 34","Woman","White","$200,000 or more",3,"Neutral",5,"Very Satisfied",4,"Agree",4,"Satisfied",5
"92",2500228,2025,"55 to 64","Man","White","Less than $25,000",3,"Neutral",3,"Neutral",2,"Disagree",2,"Unsatisfied",3
"93",2500229,2025,"35 to 44","Woman","White","$150,000 to $199,999",3,"Neutral",4,"Satisfied",5,"Strongly Agree",4,"Satisfied",4
"94",2500232,2025,"35 to 44","Woman","White","Prefer not to answer",3,"Neutral",4,"Satisfied",1,"Strongly Disagree",1,"Very Unsatisfied",4
"95",2500235,2025,"25 to 34","Nonbinary","White","$25,000 to $49,999",3,"Neutral",3,"Neutral",4,"Agree",5,"Very Satisfied",3
"96",2500236,2025,"35 to 44","Man","White","$75,000 to $99,999",4,"Satisfied",5,"Very Satisfied",4,"Agree",5,"Very Satisfied",4
"97",2500238,2025,"35 to 44","Man","White","$200,000 or more",3,"Neutral",5,"Very Satisfied",4,"Agree",5,"Very Satisfied",4
"98",2500241,2025,"45 to 54","Woman","White","$100,000 to $149,999",4,"Satisfied",5,"Very Satisfied",5,"Strongly Agree",4,"Satisfied",4
"99",2500247,2025,"35 to 44","Woman","Asian or Pacific Islander","$50,000 to $74,999",3,"Neutral",5,"Very Satisfied",4,"Agree",3,"Neutral",4
"100",2500248,2025,"45 to 54","Prefer not to answer","White","$200,000 or more",1,"Very Unsatisfied",5,"Very Satisfied",5,"Strongly Agree",1,"Very Unsatisfied",4
"101",2500249,2025,"","Woman","White","$75,000 to $99,999",4,"Satisfied",4,"Satisfied",4,"Agree",4,"Satisfied",4
"102",2500251,2025,"65 to 74","Woman","Hispanic or Latino","Prefer not to answer",5,"Very Satisfied",5,"Very Satisfied",5,"Strongly Agree",5,"Very Satisfied",5
"103",2500252,2025,"","Woman","White","Prefer not to answer",4,"Satisfied",5,"Very Satisfied",3,"Neutral",5,"Very Satisfied",5
"104",2500253,2025,"25 to 34","Man","Hispanic or Latino","$25,000 to $49,999",3,"Neutral",4,"Satisfied",4,"Agree",4,"Satisfied",5
"105",2500256,2025,"","Man","White","$150,000 to $199,999",4,"Satisfied",5,"Very Satisfied",4,"Agree",4,"Satisfied",4
"106",2500257,2025,"65 to 74","Man","White","$100,000 to $149,999",5,"Very Satisfied",4,"Satisfied",2,"Disagree",3,"Neutral",4
"107",2500259,2025,"65 to 74","Woman","White","$75,000 to $99,999",3,"Neutral",4,"Satisfied",3,"Neutral",3,"Neutral",3
"108",2500260,2025,"65 to 74","Woman","White","Prefer not to answer",2,"Unsatisfied",2,"Unsatisfied",3,"Neutral",4,"Satisfied",3
"109",2500261,2025,"35 to 44","Man","White","$200,000 or more",4,"Satisfied",5,"Very Satisfied",4,"Agree",3,"Neutral",3
"110",2500262,2025,"","Woman","Two or more races","Prefer not to answer",3,"Neutral",4,"Satisfied",4,"Agree",4,"Satisfied",4
"111",2500267,2025,"25 to 34","Woman","White","$150,000 to $199,999",3,"Neutral",4,"Satisfied",3,"Neutral",5,"Very Satisfied",4
"112",2500270,2025,"25 to 34","Woman","White","$50,000 to $74,999",3,"Neutral",5,"Very Satisfied",5,"Strongly Agree",4,"Satisfied",4
"113",2500279,2025,"","Man","Hispanic or Latino","$75,000 to $99,999",5,"Very Satisfied",4,"Satisfied",4,"Agree",5,"Very Satisfied",5
"114",2500281,2025,"45 to 54","Man","Asian or Pacific Islander","$150,000 to $199,999",4,"Satisfied",4,"Satisfied",4,"Agree",4,"Satisfied",5
"115",2500284,2025,"45 to 54","Woman","Asian or Pacific Islander","$150,000 to $199,999",1,"Very Unsatisfied",3,"Neutral",1,"Strongly Disagree",1,"Very Unsatisfied",5
"116",2500285,2025,"Prefer not to answer","Prefer not to answer","","Prefer not to answer",2,"Unsatisfied",1,"Very Unsatisfied",1,"Strongly Disagree",1,"Very Unsatisfied",1
"117",2500286,2025,"75 or over","Prefer not to answer","Prefer not to answer","Prefer not to answer",3,"Neutral",5,"Very Satisfied",4,"Agree",5,"Very Satisfied",5
"118",2500287,2025,"75 or over","Man","Black or African American","$150,000 to $199,999",3,"Neutral",4,"Satisfied",5,"Strongly Agree",5,"Very Satisfied",4
"119",2500293,2025,"35 to 44","Woman","White","$200,000 or more",2,"Unsatisfied",4,"Satisfied",4,"Agree",4,"Satisfied",4
"120",2500296,2025,"35 to 44","Woman","White","Less than $25,000",3,"Neutral",4,"Satisfied",4,"Agree",4,"Satisfied",2
"121",2500297,2025,"45 to 54","Woman","White","Prefer not to answer",4,"Satisfied",1,"Very Unsatisfied",3,"Neutral",1,"Very Unsatisfied",5
"122",2500298,2025,"25 to 34","Woman","White","$150,000 to $199,999",3,"Neutral",4,"Satisfied",5,"Strongly Agree",5,"Very Satisfied",4
"123",2500302,2025,"","Man","White","$75,000 to $99,999",3,"Neutral",3,"Neutral",3,"Neutral",5,"Very Satisfied",2
"124",2500305,2025,"18 to 24","Woman","Asian or Pacific Islander","",4,"Satisfied",4,"Satisfied",4,"Agree",5,"Very Satisfied",4
"125",2500307,2025,"35 to 44","Woman","Asian or Pacific Islander","$50,000 to $74,999",5,"Very Satisfied",5,"Very Satisfied",4,"Agree",5,"Very Satisfied",5
"126",2500308,2025,"55 to 64","Man","White","$100,000 to $149,999",4,"Satisfied",5,"Very Satisfied",5,"Strongly Agree",2,"Unsatisfied",4
"127",2500309,2025,"35 to 44","Woman","White","$200,000 or more",3,"Neutral",5,"Very Satisfied",4,"Agree",4,"Satisfied",4
"128",2500311,2025,"45 to 54","Woman","White","$150,000 to $199,999",3,"Neutral",1,"Very Unsatisfied",5,"Strongly Agree",4,"Satisfied",4
"129",2500313,2025,"","Man","Prefer not to answer","Prefer not to answer",1,"Very Unsatisfied",3,"Neutral",3,"Neutral",3,"Neutral",2
"130",2500314,2025,"Prefer not to answer","Prefer not to answer","Prefer not to answer","Prefer not to answer",2,"Unsatisfied",5,"Very Satisfied",4,"Agree",2,"Unsatisfied",3
"131",2500317,2025,"45 to 54","Woman","White","$150,000 to $199,999",4,"Satisfied",4,"Satisfied",4,"Agree",4,"Satisfied",4
"132",2500319,2025,"","Woman","White","$75,000 to $99,999",3,"Neutral",3,"Neutral",2,"Disagree",2,"Unsatisfied",3
"133",2500321,2025,"75 or over","Woman","White","$25,000 to $49,999",3,"Neutral",4,"Satisfied",2,"Disagree",4,"Satisfied",3
"134",2500322,2025,"35 to 44","Woman","Hispanic or Latino","$50,000 to $74,999",4,"Satisfied",4,"Satisfied",4,"Agree",5,"Very Satisfied",5
"135",2500324,2025,"75 or over","Woman","White","$100,000 to $149,999",3,"Neutral",5,"Very Satisfied",3,"Neutral",2,"Unsatisfied",5
"136",2500325,2025,"","Woman","White","$200,000 or more",4,"Satisfied",5,"Very Satisfied",3,"Neutral",4,"Satisfied",5
"137",2500329,2025,"45 to 54","Man","White","$200,000 or more",3,"Neutral",5,"Very Satisfied",4,"Agree",5,"Very Satisfied",4
"138",2500330,2025,"","Woman","Black or African American","Less than $25,000",5,"Very Satisfied",5,"Very Satisfied",5,"Strongly Agree",5,"Very Satisfied",5
"139",2500331,2025,"35 to 44","Woman","Prefer not to answer","$25,000 to $49,999",2,"Unsatisfied",1,"Very Unsatisfied",4,"Agree",1,"Very Unsatisfied",3
"140",2500332,2025,"65 to 74","Man","","$200,000 or more",3,"Neutral",5,"Very Satisfied",4,"Agree",3,"Neutral",4
"141",2500337,2025,"","Man","White","$200,000 or more",5,"Very Satisfied",5,"Very Satisfied",2,"Disagree",2,"Unsatisfied",3
"142",2500338,2025,"35 to 44","Woman","White","$150,000 to $199,999",2,"Unsatisfied",2,"Unsatisfied",3,"Neutral",4,"Satisfied",3
"143",2500342,2025,"45 to 54","Woman","Hispanic or Latino","$100,000 to $149,999",2,"Unsatisfied",2,"Unsatisfied",3,"Neutral",2,"Unsatisfied",3
"144",2500344,2025,"55 to 64","Man","Black or African American","Less than $25,000",3,"Neutral",4,"Satisfied",3,"Neutral",2,"Unsatisfied",2
"145",2500346,2025,"","Woman","White","Prefer not to answer",4,"Satisfied",4,"Satisfied",5,"Strongly Agree",4,"Satisfied",4
"146",2500347,2025,"","Man","White","$200,000 or more",2,"Unsatisfied",5,"Very Satisfied",5,"Strongly Agree",5,"Very Satisfied",4
"147",2500348,2025,"35 to 44","Woman","White","$150,000 to $199,999",4,"Satisfied",5,"Very Satisfied",4,"Agree",4,"Satisfied",3
"148",2500352,2025,"35 to 44","Woman","Hispanic or Latino","$25,000 to $49,999",5,"Very Satisfied",2,"Unsatisfied",4,"Agree",2,"Unsatisfied",3
"149",2500353,2025,"25 to 34","Man","White","$200,000 or more",3,"Neutral",4,"Satisfied",4,"Agree",5,"Very Satisfied",4
"150",2500362,2025,"75 or over","Prefer not to answer","Hispanic or Latino","Prefer not to answer",4,"Satisfied",5,"Very Satisfied",4,"Agree",4,"Satisfied",5
"151",2500363,2025,"25 to 34","Prefer not to answer","Prefer not to answer","$100,000 to $149,999",3,"Neutral",2,"Unsatisfied",2,"Disagree",2,"Unsatisfied",2
"152",2500365,2025,"","","","",2,"Unsatisfied",4,"Satisfied",2,"Disagree",2,"Unsatisfied",2
"153",2500366,2025,"35 to 44","Man","White","$200,000 or more",5,"Very Satisfied",5,"Very Satisfied",5,"Strongly Agree",4,"Satisfied",4
"154",2500380,2025,"45 to 54","Woman","Hispanic or Latino","Prefer not to answer",4,"Satisfied",5,"Very Satisfied",3,"Neutral",4,"Satisfied",4
"155",2500382,2025,"55 to 64","Woman","Hispanic or Latino","$25,000 to $49,999",2,"Unsatisfied",4,"Satisfied",5,"Strongly Agree",4,"Satisfied",4
"156",2500383,2025,"","Prefer not to answer","Prefer not to answer","Prefer not to answer",1,"Very Unsatisfied",5,"Very Satisfied",1,"Strongly Disagree",1,"Very Unsatisfied",3
"157",2500386,2025,"","Man","White","$200,000 or more",5,"Very Satisfied",5,"Very Satisfied",4,"Agree",4,"Satisfied",4
"158",2500388,2025,"","Woman","White","$200,000 or more",4,"Satisfied",5,"Very Satisfied",4,"Agree",4,"Satisfied",4
"159",2500391,2025,"35 to 44","Prefer not to answer","White","$200,000 or more",5,"Very Satisfied",5,"Very Satisfied",5,"Strongly Agree",4,"Satisfied",3
"160",2500392,2025,"65 to 74","Woman","White","Prefer not to answer",3,"Neutral",3,"Neutral",2,"Disagree",4,"Satisfied",3
"161",2500395,2025,"25 to 34","Man","White","$200,000 or more",3,"Neutral",5,"Very Satisfied",5,"Strongly Agree",4,"Satisfied",4
"162",2500399,2025,"45 to 54","Woman","White","$200,000 or more",2,"Unsatisfied",4,"Satisfied",4,"Agree",4,"Satisfied",4
"163",2500403,2025,"65 to 74","Woman","White","$150,000 to $199,999",2,"Unsatisfied",5,"Very Satisfied",1,"Strongly Disagree",2,"Unsatisfied",3
"164",2500404,2025,"35 to 44","Nonbinary","White","$100,000 to $149,999",3,"Neutral",4,"Satisfied",5,"Strongly Agree",5,"Very Satisfied",3
"165",2500408,2025,"65 to 74","Man","White","$150,000 to $199,999",4,"Satisfied",5,"Very Satisfied",5,"Strongly Agree",5,"Very Satisfied",3
"166",2500410,2025,"25 to 34","Man","Asian or Pacific Islander","$200,000 or more",4,"Satisfied",4,"Satisfied",4,"Agree",5,"Very Satisfied",5
"167",2500412,2025,"45 to 54","Man","Asian or Pacific Islander","$200,000 or more",1,"Very Unsatisfied",4,"Satisfied",3,"Neutral",3,"Neutral",4
"168",2500414,2025,"45 to 54","Woman","White","Prefer not to answer",3,"Neutral",3,"Neutral",3,"Neutral",4,"Satisfied",3
"169",2500416,2025,"35 to 44","Woman","White","$100,000 to $149,999",5,"Very Satisfied",5,"Very Satisfied",4,"Agree",5,"Very Satisfied",4
"170",2500418,2025,"65 to 74","Woman","White","$150,000 to $199,999",1,"Very Unsatisfied",1,"Very Unsatisfied",3,"Neutral",5,"Very Satisfied",5
"171",2500419,2025,"25 to 34","Man","White","Less than $25,000",3,"Neutral",4,"Satisfied",4,"Agree",4,"Satisfied",4
"172",2500420,2025,"55 to 64","Woman","White","$25,000 to $49,999",5,"Very Satisfied",5,"Very Satisfied",5,"Strongly Agree",5,"Very Satisfied",1
"173",2500423,2025,"","Man","White","$75,000 to $99,999",3,"Neutral",5,"Very Satisfied",3,"Neutral",4,"Satisfied",5
"174",2500424,2025,"45 to 54","Man","White","$75,000 to $99,999",3,"Neutral",4,"Satisfied",4,"Agree",5,"Very Satisfied",3
"175",2500426,2025,"","Prefer not to answer","Prefer not to answer","$200,000 or more",2,"Unsatisfied",4,"Satisfied",2,"Disagree",2,"Unsatisfied",5
"176",2500431,2025,"35 to 44","Woman","Prefer not to answer","Prefer not to answer",1,"Very Unsatisfied",3,"Neutral",3,"Neutral",1,"Very Unsatisfied",1
"177",2500434,2025,"35 to 44","Woman","White","$150,000 to $199,999",4,"Satisfied",5,"Very Satisfied",4,"Agree",4,"Satisfied",3
"178",2500438,2025,"65 to 74","Woman","Hispanic or Latino","Less than $25,000",4,"Satisfied",4,"Satisfied",4,"Agree",4,"Satisfied",3
"179",2500439,2025,"35 to 44","Man","Prefer not to answer","Prefer not to answer",1,"Very Unsatisfied",1,"Very Unsatisfied",1,"Strongly Disagree",2,"Unsatisfied",2
"180",2500444,2025,"45 to 54","Woman","","Prefer not to answer",3,"Neutral",5,"Very Satisfied",4,"Agree",4,"Satisfied",4
"181",2500445,2025,"","Man","White","$75,000 to $99,999",3,"Neutral",3,"Neutral",3,"Neutral",3,"Neutral",3
"182",2500446,2025,"45 to 54","Woman","White","$200,000 or more",5,"Very Satisfied",5,"Very Satisfied",5,"Strongly Agree",5,"Very Satisfied",5
"183",2500447,2025,"65 to 74","Woman","White","Less than $25,000",4,"Satisfied",3,"Neutral",3,"Neutral",4,"Satisfied",4
"184",2500450,2025,"55 to 64","Woman","Prefer not to answer","$150,000 to $199,999",3,"Neutral",5,"Very Satisfied",1,"Strongly Disagree",1,"Very Unsatisfied",5
"185",2500451,2025,"25 to 34","Woman","Hispanic or Latino","$50,000 to $74,999",2,"Unsatisfied",5,"Very Satisfied",5,"Strongly Agree",5,"Very Satisfied",5
"186",2500453,2025,"35 to 44","","White","$200,000 or more",4,"Satisfied",4,"Satisfied",4,"Agree",5,"Very Satisfied",2
"187",2500454,2025,"35 to 44","Man","White","$150,000 to $199,999",4,"Satisfied",5,"Very Satisfied",5,"Strongly Agree",3,"Neutral",2
"188",2500455,2025,"45 to 54","Man","White","$200,000 or more",3,"Neutral",5,"Very Satisfied",5,"Strongly Agree",4,"Satisfied",4
"189",2500456,2025,"65 to 74","Woman","White","$25,000 to $49,999",3,"Neutral",2,"Unsatisfied",4,"Agree",2,"Unsatisfied",3
"190",2500457,2025,"","Woman","White","$200,000 or more",5,"Very Satisfied",5,"Very Satisfied",5,"Strongly Agree",5,"Very Satisfied",5
"191",2500458,2025,"45 to 54","Woman","White","$200,000 or more",1,"Very Unsatisfied",5,"Very Satisfied",4,"Agree",3,"Neutral",4
"192",2500461,2025,"","Woman","White","$200,000 or more",1,"Very Unsatisfied",4,"Satisfied",4,"Agree",3,"Neutral",4
"193",2500467,2025,"55 to 64","Woman","White","$50,000 to $74,999",3,"Neutral",3,"Neutral",2,"Disagree",4,"Satisfied",4
"194",2500468,2025,"45 to 54","Woman","White","$50,000 to $74,999",4,"Satisfied",5,"Very Satisfied",3,"Neutral",4,"Satisfied",4
"195",2500469,2025,"Prefer not to answer","Prefer not to answer","Prefer not to answer","Prefer not to answer",1,"Very Unsatisfied",4,"Satisfied",2,"Disagree",2,"Unsatisfied",4
"196",2500472,2025,"65 to 74","Woman","White","$200,000 or more",4,"Satisfied",5,"Very Satisfied",4,"Agree",5,"Very Satisfied",5
"197",2500473,2025,"35 to 44","Woman","Prefer not to answer","$75,000 to $99,999",3,"Neutral",4,"Satisfied",1,"Strongly Disagree",3,"Neutral",3
"198",2500474,2025,"55 to 64","Woman","White","$100,000 to $149,999",3,"Neutral",4,"Satisfied",2,"Disagree",4,"Satisfied",3
"199",2500477,2025,"45 to 54","Woman","White","$200,000 or more",4,"Satisfied",4,"Satisfied",5,"Strongly Agree",3,"Neutral",4
"200",2500481,2025,"35 to 44","Woman","Prefer not to answer","$200,000 or more",4,"Satisfied",5,"Very Satisfied",2,"Disagree",4,"Satisfied",4
"201",2500484,2025,"45 to 54","Man","White","$200,000 or more",2,"Unsatisfied",4,"Satisfied",4,"Agree",4,"Satisfied",3
"202",2500485,2025,"35 to 44","Woman","Hispanic or Latino","$75,000 to $99,999",4,"Satisfied",4,"Satisfied",4,"Agree",2,"Unsatisfied",1
"203",2500487,2025,"25 to 34","Prefer not to answer","White","$100,000 to $149,999",2,"Unsatisfied",4,"Satisfied",3,"Neutral",4,"Satisfied",4
"204",2500492,2025,"45 to 54","Woman","Prefer not to answer","$200,000 or more",1,"Very Unsatisfied",4,"Satisfied",3,"Neutral",3,"Neutral",2
"205",2500494,2025,"55 to 64","Man","White","$200,000 or more",1,"Very Unsatisfied",5,"Very Satisfied",2,"Disagree",3,"Neutral",2
"206",2500495,2025,"45 to 54","Woman","Hispanic or Latino","$50,000 to $74,999",4,"Satisfied",4,"Satisfied",3,"Neutral",3,"Neutral",3
"207",2500497,2025,"","Woman","White","$75,000 to $99,999",3,"Neutral",5,"Very Satisfied",3,"Neutral",4,"Satisfied",4
"208",2500499,2025,"Prefer not to answer","Woman","Prefer not to answer","Prefer not to answer",3,"Neutral",1,"Very Unsatisfied",3,"Neutral",3,"Neutral",3
"209",2500501,2025,"Prefer not to answer","Prefer not to answer","Prefer not to answer","Prefer not to answer",1,"Very Unsatisfied",4,"Satisfied",1,"Strongly Disagree",1,"Very Unsatisfied",1
"210",2500508,2025,"","Woman","White","$150,000 to $199,999",5,"Very Satisfied",5,"Very Satisfied",3,"Neutral",5,"Very Satisfied",3
"211",2500510,2025,"45 to 54","Prefer not to answer","Prefer not to answer","Prefer not to answer",2,"Unsatisfied",3,"Neutral",2,"Disagree",1,"Very Unsatisfied",1
"212",2500514,2025,"35 to 44","Woman","White","$200,000 or more",5,"Very Satisfied",5,"Very Satisfied",5,"Strongly Agree",5,"Very Satisfied",4
"213",2500515,2025,"25 to 34","Woman","Prefer not to answer","$75,000 to $99,999",3,"Neutral",3,"Neutral",4,"Agree",4,"Satisfied",4
"214",2500522,2025,"35 to 44","Prefer not to answer","Prefer not to answer","$200,000 or more",3,"Neutral",4,"Satisfied",4,"Agree",4,"Satisfied",5
"215",2500525,2025,"25 to 34","Woman","White","$200,000 or more",3,"Neutral",2,"Unsatisfied",2,"Disagree",3,"Neutral",3
"216",2500527,2025,"25 to 34","Woman","White","$100,000 to $149,999",4,"Satisfied",3,"Neutral",4,"Agree",5,"Very Satisfied",4
"217",2500530,2025,"25 to 34","Woman","Asian or Pacific Islander","$150,000 to $199,999",3,"Neutral",5,"Very Satisfied",4,"Agree",5,"Very Satisfied",4
"218",2500537,2025,"","Woman","White","$50,000 to $74,999",2,"Unsatisfied",4,"Satisfied",3,"Neutral",4,"Satisfied",3
"219",2500538,2025,"25 to 34","Woman","White","$150,000 to $199,999",3,"Neutral",4,"Satisfied",3,"Neutral",4,"Satisfied",3
"220",2500540,2025,"55 to 64","Woman","White","$75,000 to $99,999",3,"Neutral",3,"Neutral",4,"Agree",4,"Satisfied",5
"221",2500543,2025,"55 to 64","Woman","White","$25,000 to $49,999",3,"Neutral",5,"Very Satisfied",4,"Agree",1,"Very Unsatisfied",3
"222",2500544,2025,"25 to 34","Man","White","$200,000 or more",3,"Neutral",4,"Satisfied",3,"Neutral",3,"Neutral",3
"223",2500549,2025,"75 or over","Woman","White","Prefer not to answer",2,"Unsatisfied",5,"Very Satisfied",2,"Disagree",2,"Unsatisfied",1
"224",2500550,2025,"55 to 64","Woman","White","Prefer not to answer",3,"Neutral",4,"Satisfied",4,"Agree",4,"Satisfied",4
"225",2500553,2025,"25 to 34","Woman","Hispanic or Latino","$200,000 or more",3,"Neutral",5,"Very Satisfied",4,"Agree",5,"Very Satisfied",5
"226",2500559,2025,"18 to 24","Woman","White","$50,000 to $74,999",3,"Neutral",4,"Satisfied",4,"Agree",4,"Satisfied",4
"227",2500562,2025,"","Woman","","Prefer not to answer",4,"Satisfied",5,"Very Satisfied",3,"Neutral",3,"Neutral",1
"228",2500570,2025,"65 to 74","Woman","White","$25,000 to $49,999",3,"Neutral",5,"Very Satisfied",3,"Neutral",5,"Very Satisfied",3
"229",2500571,2025,"45 to 54","Man","White","$200,000 or more",4,"Satisfied",5,"Very Satisfied",5,"Strongly Agree",4,"Satisfied",5
"230",2500573,2025,"45 to 54","Woman","Prefer not to answer","$100,000 to $149,999",3,"Neutral",3,"Neutral",4,"Agree",3,"Neutral",3
"231",2500574,2025,"55 to 64","Woman","White","$200,000 or more",4,"Satisfied",5,"Very Satisfied",5,"Strongly Agree",4,"Satisfied",4
"232",2500575,2025,"35 to 44","Woman","Asian or Pacific Islander","$150,000 to $199,999",5,"Very Satisfied",5,"Very Satisfied",4,"Agree",4,"Satisfied",4
"233",2500582,2025,"55 to 64","Man","White","$200,000 or more",3,"Neutral",4,"Satisfied",3,"Neutral",4,"Satisfied",4
"234",2500584,2025,"","Prefer not to answer","Prefer not to answer","Prefer not to answer",1,"Very Unsatisfied",1,"Very Unsatisfied",1,"Strongly Disagree",3,"Neutral",1
"235",2500585,2025,"45 to 54","Man","White","$200,000 or more",4,"Satisfied",5,"Very Satisfied",5,"Strongly Agree",5,"Very Satisfied",4
"236",2500586,2025,"45 to 54","Man","White","$200,000 or more",3,"Neutral",5,"Very Satisfied",4,"Agree",4,"Satisfied",4
"237",2500587,2025,"Prefer not to answer","Prefer not to answer","Prefer not to answer","Prefer not to answer",3,"Neutral",5,"Very Satisfied",1,"Strongly Disagree",1,"Very Unsatisfied",1
"238",2500590,2025,"35 to 44","Woman","White","$150,000 to $199,999",3,"Neutral",4,"Satisfied",5,"Strongly Agree",5,"Very Satisfied",5
"239",2500591,2025,"","Woman","White","$200,000 or more",3,"Neutral",5,"Very Satisfied",3,"Neutral",5,"Very Satisfied",5
"240",2500593,2025,"35 to 44","Man","White","$150,000 to $199,999",4,"Satisfied",3,"Neutral",3,"Neutral",4,"Satisfied",4
"241",2500594,2025,"35 to 44","Woman","White","$200,000 or more",3,"Neutral",5,"Very Satisfied",5,"Strongly Agree",4,"Satisfied",4
"242",2500596,2025,"65 to 74","Man","White","$200,000 or more",4,"Satisfied",5,"Very Satisfied",4,"Agree",5,"Very Satisfied",5
"243",2500601,2025,"35 to 44","Woman","White","$200,000 or more",5,"Very Satisfied",5,"Very Satisfied",5,"Strongly Agree",4,"Satisfied",5
"244",2500605,2025,"45 to 54","Man","White","$200,000 or more",3,"Neutral",5,"Very Satisfied",3,"Neutral",5,"Very Satisfied",4
"245",2500607,2025,"55 to 64","Woman","White","$50,000 to $74,999",2,"Unsatisfied",5,"Very Satisfied",1,"Strongly Disagree",1,"Very Unsatisfied",5
"246",2500611,2025,"75 or over","Woman","White","$100,000 to $149,999",3,"Neutral",5,"Very Satisfied",4,"Agree",5,"Very Satisfied",4
"247",2500612,2025,"25 to 34","Nonbinary","White","$150,000 to $199,999",4,"Satisfied",3,"Neutral",4,"Agree",5,"Very Satisfied",5
"248",2500617,2025,"35 to 44","Woman","White","$100,000 to $149,999",4,"Satisfied",5,"Very Satisfied",4,"Agree",4,"Satisfied",3
"249",2500625,2025,"75 or over","Woman","White","Prefer not to answer",4,"Satisfied",5,"Very Satisfied",4,"Agree",5,"Very Satisfied",4
"250",2500627,2025,"","Man","Another race","Prefer not to answer",5,"Very Satisfied",5,"Very Satisfied",5,"Strongly Agree",5,"Very Satisfied",5
"251",2500630,2025,"","Woman","White","Less than $25,000",4,"Satisfied",5,"Very Satisfied",4,"Agree",4,"Satisfied",5
"252",2500633,2025,"25 to 34","Woman","White","$200,000 or more",2,"Unsatisfied",5,"Very Satisfied",4,"Agree",3,"Neutral",4
"253",2500634,2025,"35 to 44","Woman","Asian or Pacific Islander","$200,000 or more",3,"Neutral",4,"Satisfied",3,"Neutral",2,"Unsatisfied",4
"254",2500635,2025,"55 to 64","Man","White","$150,000 to $199,999",4,"Satisfied",4,"Satisfied",5,"Strongly Agree",5,"Very Satisfied",4
"255",2500636,2025,"35 to 44","Woman","White","$200,000 or more",3,"Neutral",5,"Very Satisfied",4,"Agree",5,"Very Satisfied",4
"256",2500637,2025,"65 to 74","Woman","White","Less than $25,000",3,"Neutral",3,"Neutral",1,"Strongly Disagree",2,"Unsatisfied",2
"257",2500639,2025,"25 to 34","Nonbinary","White","$200,000 or more",2,"Unsatisfied",4,"Satisfied",3,"Neutral",4,"Satisfied",3
"258",2500640,2025,"65 to 74","Woman","White","$100,000 to $149,999",4,"Satisfied",5,"Very Satisfied",4,"Agree",4,"Satisfied",4
"259",2500641,2025,"45 to 54","Woman","White","Prefer not to answer",4,"Satisfied",3,"Neutral",4,"Agree",4,"Satisfied",4
"260",2500642,2025,"55 to 64","Woman","Asian or Pacific Islander","Prefer not to answer",3,"Neutral",5,"Very Satisfied",4,"Agree",4,"Satisfied",5
"261",2500644,2025,"55 to 64","Woman","Prefer not to answer","$50,000 to $74,999",3,"Neutral",4,"Satisfied",2,"Disagree",2,"Unsatisfied",3
"262",2500645,2025,"25 to 34","Man","White","$150,000 to $199,999",5,"Very Satisfied",4,"Satisfied",5,"Strongly Agree",4,"Satisfied",4
"263",2500648,2025,"35 to 44","Man","Prefer not to answer","$150,000 to $199,999",1,"Very Unsatisfied",3,"Neutral",1,"Strongly Disagree",1,"Very Unsatisfied",3
"264",2500653,2025,"25 to 34","Woman","White","$150,000 to $199,999",5,"Very Satisfied",5,"Very Satisfied",5,"Strongly Agree",5,"Very Satisfied",5
"265",2500654,2025,"Prefer not to answer","Prefer not to answer","Prefer not to answer","Prefer not to answer",4,"Satisfied",4,"Satisfied",3,"Neutral",3,"Neutral",3
"266",2500662,2025,"17 or under","Man","Hispanic or Latino","Prefer not to answer",2,"Unsatisfied",5,"Very Satisfied",5,"Strongly Agree",4,"Satisfied",4
"267",2500664,2025,"65 to 74","Man","White","$150,000 to $199,999",3,"Neutral",5,"Very Satisfied",3,"Neutral",4,"Satisfied",3
"268",2500666,2025,"25 to 34","Man","White","$200,000 or more",3,"Neutral",5,"Very Satisfied",3,"Neutral",5,"Very Satisfied",3
"269",2500669,2025,"75 or over","Woman","White","$100,000 to $149,999",3,"Neutral",5,"Very Satisfied",2,"Disagree",4,"Satisfied",3
"270",2500671,2025,"","","","",3,"Neutral",3,"Neutral",3,"Neutral",4,"Satisfied",3
"271",2500672,2025,"Prefer not to answer","Prefer not to answer","Prefer not to answer","Prefer not to answer",3,"Neutral",3,"Neutral",3,"Neutral",2,"Unsatisfied",3
"272",2500678,2025,"65 to 74","Man","White","Prefer not to answer",4,"Satisfied",5,"Very Satisfied",4,"Agree",4,"Satisfied",4
"273",2500681,2025,"65 to 74","Man","White","$75,000 to $99,999",4,"Satisfied",4,"Satisfied",1,"Strongly Disagree",2,"Unsatisfied",3
"274",2500684,2025,"35 to 44","Man","Hispanic or Latino","$200,000 or more",2,"Unsatisfied",5,"Very Satisfied",5,"Strongly Agree",5,"Very Satisfied",5
"275",2500685,2025,"75 or over","Man","White","$50,000 to $74,999",4,"Satisfied",5,"Very Satisfied",4,"Agree",5,"Very Satisfied",4
"276",2500686,2025,"45 to 54","Woman","White","$100,000 to $149,999",4,"Satisfied",4,"Satisfied",4,"Agree",4,"Satisfied",5
"277",2500701,2025,"25 to 34","Woman","White","$150,000 to $199,999",5,"Very Satisfied",4,"Satisfied",4,"Agree",5,"Very Satisfied",4
"278",2500702,2025,"25 to 34","Nonbinary","White","$75,000 to $99,999",2,"Unsatisfied",2,"Unsatisfied",2,"Disagree",4,"Satisfied",3
"279",2500704,2025,"35 to 44","Nonbinary","White","$100,000 to $149,999",3,"Neutral",4,"Satisfied",4,"Agree",4,"Satisfied",3
"280",2500708,2025,"25 to 34","Woman","White","$150,000 to $199,999",3,"Neutral",4,"Satisfied",3,"Neutral",4,"Satisfied",4
"281",2500711,2025,"25 to 34","Man","White","$200,000 or more",3,"Neutral",4,"Satisfied",4,"Agree",5,"Very Satisfied",4
"282",2500712,2025,"25 to 34","Woman","Hispanic or Latino","$100,000 to $149,999",3,"Neutral",5,"Very Satisfied",4,"Agree",4,"Satisfied",4
"283",2500713,2025,"","Woman","White","$50,000 to $74,999",4,"Satisfied",3,"Neutral",5,"Strongly Agree",4,"Satisfied",4
"284",2500716,2025,"65 to 74","Man","White","Less than $25,000",3,"Neutral",5,"Very Satisfied",4,"Agree",5,"Very Satisfied",5
"285",2500718,2025,"75 or over","Man","White","$200,000 or more",3,"Neutral",5,"Very Satisfied",4,"Agree",5,"Very Satisfied",4
"286",2500721,2025,"25 to 34","Man","Asian or Pacific Islander","$200,000 or more",3,"Neutral",4,"Satisfied",4,"Agree",4,"Satisfied",4
"287",2500723,2025,"35 to 44","Woman","White","$100,000 to $149,999",3,"Neutral",4,"Satisfied",3,"Neutral",3,"Neutral",4
"288",2500724,2025,"55 to 64","Woman","White","$75,000 to $99,999",4,"Satisfied",4,"Satisfied",3,"Neutral",4,"Satisfied",4
"289",2500725,2025,"","Man","Hispanic or Latino","",4,"Satisfied",5,"Very Satisfied",5,"Strongly Agree",5,"Very Satisfied",5
"290",2500726,2025,"","Prefer not to answer","Prefer not to answer","$75,000 to $99,999",2,"Unsatisfied",5,"Very Satisfied",1,"Strongly Disagree",2,"Unsatisfied",3
"291",2500727,2025,"55 to 64","Man","White","$200,000 or more",4,"Satisfied",5,"Very Satisfied",5,"Strongly Agree",5,"Very Satisfied",5
"292",2500732,2025,"75 or over","Man","White","$150,000 to $199,999",3,"Neutral",5,"Very Satisfied",4,"Agree",4,"Satisfied",4
"293",2500733,2025,"35 to 44","Woman","White","$150,000 to $199,999",4,"Satisfied",4,"Satisfied",4,"Agree",3,"Neutral",3
"294",2500743,2025,"","Man","White","$25,000 to $49,999",3,"Neutral",4,"Satisfied",3,"Neutral",2,"Unsatisfied",4
"295",2500744,2025,"45 to 54","Woman","White","$200,000 or more",4,"Satisfied",5,"Very Satisfied",5,"Strongly Agree",5,"Very Satisfied",5
"296",2500747,2025,"","Woman","White","$200,000 or more",4,"Satisfied",5,"Very Satisfied",5,"Strongly Agree",5,"Very Satisfied",4
"297",2500749,2025,"45 to 54","Woman","White","$200,000 or more",2,"Unsatisfied",5,"Very Satisfied",4,"Agree",4,"Satisfied",3
"298",2500751,2025,"65 to 74","Man","White","$50,000 to $74,999",4,"Satisfied",4,"Satisfied",5,"Strongly Agree",5,"Very Satisfied",2
"299",2500753,2025,"35 to 44","Woman","Hispanic or Latino","Prefer not to answer",3,"Neutral",2,"Unsatisfied",1,"Strongly Disagree",2,"Unsatisfied",4
"300",2500755,2025,"25 to 34","Nonbinary","White","$50,000 to $74,999",4,"Satisfied",4,"Satisfied",4,"Agree",4,"Satisfied",3
"301",2500762,2025,"55 to 64","Woman","White","$200,000 or more",3,"Neutral",5,"Very Satisfied",4,"Agree",4,"Satisfied",3
"302",2500765,2025,"25 to 34","Woman","White","$200,000 or more",3,"Neutral",4,"Satisfied",3,"Neutral",4,"Satisfied",4
"303",2500767,2025,"","Woman","White","$100,000 to $149,999",3,"Neutral",4,"Satisfied",4,"Agree",4,"Satisfied",1
"304",2500778,2025,"35 to 44","Woman","White","Prefer not to answer",2,"Unsatisfied",2,"Unsatisfied",4,"Agree",4,"Satisfied",3
"305",2500780,2025,"45 to 54","Man","Hispanic or Latino","$200,000 or more",3,"Neutral",4,"Satisfied",5,"Strongly Agree",5,"Very Satisfied",4
"306",2500782,2025,"25 to 34","Man","Asian or Pacific Islander","$150,000 to $199,999",3,"Neutral",5,"Very Satisfied",4,"Agree",5,"Very Satisfied",5
"307",2500783,2025,"25 to 34","Man","Asian or Pacific Islander","$200,000 or more",3,"Neutral",3,"Neutral",4,"Agree",5,"Very Satisfied",4
"308",2500792,2025,"45 to 54","Woman","White","$200,000 or more",2,"Unsatisfied",4,"Satisfied",4,"Agree",4,"Satisfied",3
"309",2500797,2025,"65 to 74","Man","White","Prefer not to answer",3,"Neutral",5,"Very Satisfied",2,"Disagree",3,"Neutral",4
"310",2500804,2025,"","Woman","Black or African American","$150,000 to $199,999",4,"Satisfied",5,"Very Satisfied",3,"Neutral",5,"Very Satisfied",3
"311",2500806,2025,"35 to 44","Man","White","$200,000 or more",5,"Very Satisfied",5,"Very Satisfied",5,"Strongly Agree",5,"Very Satisfied",4
"312",2500808,2025,"55 to 64","Man","White","$75,000 to $99,999",5,"Very Satisfied",5,"Very Satisfied",4,"Agree",5,"Very Satisfied",5
"313",2500812,2025,"55 to 64","Man","Asian or Pacific Islander","$100,000 to $149,999",3,"Neutral",5,"Very Satisfied",4,"Agree",4,"Satisfied",4
"314",2500814,2025,"45 to 54","Woman","White","$75,000 to $99,999",5,"Very Satisfied",4,"Satisfied",4,"Agree",4,"Satisfied",4
"315",2500815,2025,"25 to 34","Man","White","$50,000 to $74,999",3,"Neutral",4,"Satisfied",2,"Disagree",5,"Very Satisfied",1
"316",2500817,2025,"Prefer not to answer","Woman","Prefer not to answer","$25,000 to $49,999",4,"Satisfied",5,"Very Satisfied",4,"Agree",4,"Satisfied",3
"317",2500819,2025,"Prefer not to answer","Prefer not to answer","Prefer not to answer","Prefer not to answer",4,"Satisfied",4,"Satisfied",2,"Disagree",2,"Unsatisfied",5
"318",2500825,2025,"55 to 64","Woman","White","$150,000 to $199,999",3,"Neutral",5,"Very Satisfied",4,"Agree",1,"Very Unsatisfied",5
"319",2500828,2025,"45 to 54","Man","Prefer not to answer","$200,000 or more",3,"Neutral",5,"Very Satisfied",2,"Disagree",3,"Neutral",4
"320",2500830,2025,"35 to 44","Man","White","$200,000 or more",4,"Satisfied",4,"Satisfied",4,"Agree",4,"Satisfied",4
"321",2500831,2025,"65 to 74","Woman","Hispanic or Latino","Less than $25,000",3,"Neutral",4,"Satisfied",3,"Neutral",4,"Satisfied",3
"322",2500836,2025,"65 to 74","Man","White","$25,000 to $49,999",3,"Neutral",5,"Very Satisfied",4,"Agree",4,"Satisfied",4
"323",2500838,2025,"25 to 34","Man","White","$100,000 to $149,999",3,"Neutral",3,"Neutral",3,"Neutral",3,"Neutral",2
"324",2500840,2025,"35 to 44","Man","White","$75,000 to $99,999",3,"Neutral",3,"Neutral",4,"Agree",4,"Satisfied",3
"325",2500846,2025,"65 to 74","Man","White","$100,000 to $149,999",3,"Neutral",5,"Very Satisfied",4,"Agree",3,"Neutral",4
"326",2500847,2025,"65 to 74","Man","Hispanic or Latino","Less than $25,000",3,"Neutral",5,"Very Satisfied",5,"Strongly Agree",5,"Very Satisfied",5
"327",2500849,2025,"","Woman","Prefer not to answer","$150,000 to $199,999",2,"Unsatisfied",4,"Satisfied",4,"Agree",3,"Neutral",3
"328",2500853,2025,"","Man","White","Prefer not to answer",4,"Satisfied",4,"Satisfied",4,"Agree",4,"Satisfied",4
"329",2500857,2025,"45 to 54","Man","White","$200,000 or more",3,"Neutral",5,"Very Satisfied",4,"Agree",5,"Very Satisfied",4
"330",2500860,2025,"","Woman","White","$50,000 to $74,999",2,"Unsatisfied",4,"Satisfied",3,"Neutral",4,"Satisfied",4
"331",2500861,2025,"35 to 44","Man","White","$150,000 to $199,999",4,"Satisfied",4,"Satisfied",4,"Agree",4,"Satisfied",2
"332",2500862,2025,"45 to 54","Man","White","$25,000 to $49,999",4,"Satisfied",5,"Very Satisfied",4,"Agree",5,"Very Satisfied",4
"333",2500863,2025,"25 to 34","Woman","White","$200,000 or more",1,"Very Unsatisfied",3,"Neutral",2,"Disagree",4,"Satisfied",5
"334",2500866,2025,"","Nonbinary","White","$50,000 to $74,999",4,"Satisfied",3,"Neutral",3,"Neutral",4,"Satisfied",4
"335",2500869,2025,"45 to 54","Woman","Hispanic or Latino","$100,000 to $149,999",3,"Neutral",3,"Neutral",3,"Neutral",4,"Satisfied",3
"336",2500872,2025,"55 to 64","Woman","White","Prefer not to answer",3,"Neutral",2,"Unsatisfied",3,"Neutral",4,"Satisfied",3
"337",2500874,2025,"45 to 54","Woman","White","Prefer not to answer",3,"Neutral",5,"Very Satisfied",4,"Agree",3,"Neutral",4
"338",2500876,2025,"35 to 44","Man","White","Prefer not to answer",4,"Satisfied",4,"Satisfied",4,"Agree",4,"Satisfied",5
"339",2500877,2025,"","Woman","White","$100,000 to $149,999",4,"Satisfied",5,"Very Satisfied",4,"Agree",4,"Satisfied",4
"340",2500878,2025,"45 to 54","Man","White","Prefer not to answer",3,"Neutral",4,"Satisfied",3,"Neutral",4,"Satisfied",2
"341",2500879,2025,"35 to 44","Man","White","$200,000 or more",4,"Satisfied",4,"Satisfied",5,"Strongly Agree",4,"Satisfied",4
"342",2500880,2025,"25 to 34","","Two or more races","$200,000 or more",2,"Unsatisfied",4,"Satisfied",2,"Disagree",3,"Neutral",3
"343",2500882,2025,"","Woman","White","$200,000 or more",3,"Neutral",5,"Very Satisfied",4,"Agree",4,"Satisfied",4
"344",2500883,2025,"25 to 34","Man","White","$50,000 to $74,999",5,"Very Satisfied",4,"Satisfied",5,"Strongly Agree",5,"Very Satisfied",5
"345",2500884,2025,"45 to 54","Man","Asian or Pacific Islander","$200,000 or more",3,"Neutral",4,"Satisfied",5,"Strongly Agree",5,"Very Satisfied",3
"346",2500889,2025,"55 to 64","Woman","White","$100,000 to $149,999",3,"Neutral",4,"Satisfied",4,"Agree",4,"Satisfied",3
"347",2500891,2025,"65 to 74","","White","$100,000 to $149,999",3,"Neutral",4,"Satisfied",1,"Strongly Disagree",1,"Very Unsatisfied",1
"348",2500893,2025,"35 to 44","Man","Prefer not to answer","$200,000 or more",3,"Neutral",5,"Very Satisfied",3,"Neutral",4,"Satisfied",4
"349",2500895,2025,"65 to 74","Man","White","Prefer not to answer",4,"Satisfied",5,"Very Satisfied",4,"Agree",4,"Satisfied",4
"350",2500896,2025,"35 to 44","Man","White","Prefer not to answer",3,"Neutral",3,"Neutral",5,"Strongly Agree",4,"Satisfied",3
"351",2500897,2025,"35 to 44","Man","Hispanic or Latino","$100,000 to $149,999",3,"Neutral",3,"Neutral",4,"Agree",3,"Neutral",3
"352",2500901,2025,"18 to 24","Woman","White","Prefer not to answer",5,"Very Satisfied",5,"Very Satisfied",3,"Neutral",5,"Very Satisfied",4
"353",2500903,2025,"45 to 54","Prefer not to answer","Prefer not to answer","Prefer not to answer",3,"Neutral",4,"Satisfied",2,"Disagree",2,"Unsatisfied",2
"354",2500906,2025,"45 to 54","Woman","White","$200,000 or more",2,"Unsatisfied",5,"Very Satisfied",4,"Agree",4,"Satisfied",4
"355",2500908,2025,"75 or over","Woman","White","Prefer not to answer",5,"Very Satisfied",5,"Very Satisfied",3,"Neutral",5,"Very Satisfied",4
"356",2500909,2025,"35 to 44","Man","Two or more races","$75,000 to $99,999",3,"Neutral",3,"Neutral",4,"Agree",3,"Neutral",3
"357",2500911,2025,"75 or over","Man","White","Less than $25,000",3,"Neutral",4,"Satisfied",3,"Neutral",4,"Satisfied",4
"358",2500912,2025,"35 to 44","Woman","White","$150,000 to $199,999",3,"Neutral",5,"Very Satisfied",4,"Agree",4,"Satisfied",4
"359",2500913,2025,"55 to 64","Woman","Prefer not to answer","Prefer not to answer",3,"Neutral",4,"Satisfied",4,"Agree",4,"Satisfied",3
"360",2500914,2025,"Prefer not to answer","","White","$150,000 to $199,999",3,"Neutral",5,"Very Satisfied",2,"Disagree",3,"Neutral",3
"361",2500915,2025,"55 to 64","Man","White","Prefer not to answer",3,"Neutral",5,"Very Satisfied",5,"Strongly Agree",5,"Very Satisfied",3
"362",2500916,2025,"55 to 64","Man","White","$100,000 to $149,999",5,"Very Satisfied",5,"Very Satisfied",4,"Agree",5,"Very Satisfied",4
"363",2500917,2025,"65 to 74","Woman","Black or African American","Prefer not to answer",2,"Unsatisfied",5,"Very Satisfied",4,"Agree",5,"Very Satisfied",5
"364",2500922,2025,"","Woman","White","$50,000 to $74,999",3,"Neutral",3,"Neutral",1,"Strongly Disagree",2,"Unsatisfied",3
"365",2500924,2025,"25 to 34","Man","White","$75,000 to $99,999",3,"Neutral",4,"Satisfied",3,"Neutral",3,"Neutral",2
"366",2500925,2025,"25 to 34","Man","White","$150,000 to $199,999",3,"Neutral",4,"Satisfied",4,"Agree",4,"Satisfied",3
"367",2500926,2025,"25 to 34","Woman","White","$75,000 to $99,999",4,"Satisfied",5,"Very Satisfied",4,"Agree",5,"Very Satisfied",4
"368",2500930,2025,"65 to 74","Man","White","$50,000 to $74,999",4,"Satisfied",5,"Very Satisfied",4,"Agree",4,"Satisfied",3
"369",2500931,2025,"45 to 54","Woman","Asian or Pacific Islander","$200,000 or more",1,"Very Unsatisfied",5,"Very Satisfied",4,"Agree",4,"Satisfied",4
"370",2500934,2025,"35 to 44","Woman","White","$150,000 to $199,999",2,"Unsatisfied",4,"Satisfied",5,"Strongly Agree",4,"Satisfied",4
"371",2500938,2025,"25 to 34","Man","White","Prefer not to answer",3,"Neutral",3,"Neutral",3,"Neutral",4,"Satisfied",4
"372",2500939,2025,"25 to 34","Woman","White","$75,000 to $99,999",3,"Neutral",3,"Neutral",3,"Neutral",3,"Neutral",3
"373",2500940,2025,"Prefer not to answer","Woman","Prefer not to answer","Prefer not to answer",3,"Neutral",4,"Satisfied",3,"Neutral",3,"Neutral",3
"374",2500942,2025,"35 to 44","Nonbinary","White","$200,000 or more",5,"Very Satisfied",4,"Satisfied",5,"Strongly Agree",5,"Very Satisfied",2
"375",2500943,2025,"55 to 64","Man","White","$200,000 or more",5,"Very Satisfied",5,"Very Satisfied",5,"Strongly Agree",5,"Very Satisfied",5
"376",2500945,2025,"45 to 54","Nonbinary","Two or more races","$150,000 to $199,999",3,"Neutral",2,"Unsatisfied",3,"Neutral",4,"Satisfied",3
"377",2500950,2025,"35 to 44","Man","White","$200,000 or more",2,"Unsatisfied",5,"Very Satisfied",5,"Strongly Agree",4,"Satisfied",4
"378",2500951,2025,"35 to 44","Woman","White","Less than $25,000",2,"Unsatisfied",4,"Satisfied",3,"Neutral",2,"Unsatisfied",3
"379",2500953,2025,"75 or over","Woman","White","$75,000 to $99,999",3,"Neutral",5,"Very Satisfied",5,"Strongly Agree",5,"Very Satisfied",4
"380",2500954,2025,"35 to 44","Woman","White","$200,000 or more",3,"Neutral",5,"Very Satisfied",4,"Agree",4,"Satisfied",3
"381",2500956,2025,"55 to 64","Woman","White","$200,000 or more",2,"Unsatisfied",5,"Very Satisfied",5,"Strongly Agree",5,"Very Satisfied",4
"382",2500958,2025,"","Nonbinary","Prefer not to answer","Prefer not to answer",1,"Very Unsatisfied",2,"Unsatisfied",1,"Strongly Disagree",1,"Very Unsatisfied",1
"383",2500959,2025,"75 or over","Woman","White","Prefer not to answer",3,"Neutral",5,"Very Satisfied",2,"Disagree",4,"Satisfied",4
"384",2500969,2025,"35 to 44","Woman","White","$25,000 to $49,999",2,"Unsatisfied",2,"Unsatisfied",4,"Agree",2,"Unsatisfied",4
"385",2500972,2025,"25 to 34","Man","White","$200,000 or more",3,"Neutral",4,"Satisfied",3,"Neutral",3,"Neutral",3
"386",2500975,2025,"35 to 44","Woman","Black or African American","$75,000 to $99,999",4,"Satisfied",1,"Very Unsatisfied",3,"Neutral",4,"Satisfied",3
"387",2500977,2025,"","Man","White","Prefer not to answer",3,"Neutral",4,"Satisfied",1,"Strongly Disagree",1,"Very Unsatisfied",2
"388",2500978,2025,"25 to 34","","White","$150,000 to $199,999",5,"Very Satisfied",4,"Satisfied",4,"Agree",4,"Satisfied",5
"389",2500980,2025,"","Man","White","$150,000 to $199,999",3,"Neutral",5,"Very Satisfied",3,"Neutral",4,"Satisfied",4
"390",2500981,2025,"45 to 54","Man","White","$200,000 or more",4,"Satisfied",5,"Very Satisfied",4,"Agree",5,"Very Satisfied",3
"391",2500984,2025,"35 to 44","Woman","Hispanic or Latino","Prefer not to answer",2,"Unsatisfied",2,"Unsatisfied",4,"Agree",4,"Satisfied",3
"392",2500985,2025,"","Man","White","$200,000 or more",3,"Neutral",5,"Very Satisfied",3,"Neutral",2,"Unsatisfied",4
"393",2500992,2025,"45 to 54","Woman","White","$100,000 to $149,999",3,"Neutral",3,"Neutral",3,"Neutral",2,"Unsatisfied",3
"394",2500993,2025,"35 to 44","Man","White","$200,000 or more",4,"Satisfied",5,"Very Satisfied",3,"Neutral",4,"Satisfied",4
"395",2500995,2025,"35 to 44","Woman","White","$200,000 or more",4,"Satisfied",4,"Satisfied",4,"Agree",4,"Satisfied",4
"396",2500997,2025,"35 to 44","Man","White","$200,000 or more",5,"Very Satisfied",5,"Very Satisfied",5,"Strongly Agree",5,"Very Satisfied",5
"397",2500999,2025,"65 to 74","Woman","White","Prefer not to answer",2,"Unsatisfied",5,"Very Satisfied",2,"Disagree",3,"Neutral",3
"398",2501002,2025,"18 to 24","Prefer not to answer","Prefer not to answer","$25,000 to $49,999",3,"Neutral",2,"Unsatisfied",3,"Neutral",2,"Unsatisfied",2
"399",2501003,2025,"18 to 24","Woman","White","Less than $25,000",3,"Neutral",5,"Very Satisfied",2,"Disagree",4,"Satisfied",4
"400",2501004,2025,"55 to 64","Woman","White","Less than $25,000",3,"Neutral",5,"Very Satisfied",3,"Neutral",4,"Satisfied",3
"401",2501005,2025,"35 to 44","Man","White","$150,000 to $199,999",3,"Neutral",1,"Very Unsatisfied",4,"Agree",5,"Very Satisfied",4
"402",2501008,2025,"45 to 54","Woman","Prefer not to answer","Prefer not to answer",2,"Unsatisfied",3,"Neutral",1,"Strongly Disagree",1,"Very Unsatisfied",4
"403",2501009,2025,"55 to 64","Man","White","$200,000 or more",4,"Satisfied",4,"Satisfied",4,"Agree",5,"Very Satisfied",4
"404",2501011,2025,"65 to 74","Woman","Asian or Pacific Islander","$50,000 to $74,999",3,"Neutral",4,"Satisfied",3,"Neutral",4,"Satisfied",3
"405",2501012,2025,"35 to 44","Woman","White","$200,000 or more",2,"Unsatisfied",5,"Very Satisfied",3,"Neutral",4,"Satisfied",4
"406",2501015,2025,"35 to 44","Man","Asian or Pacific Islander","Less than $25,000",3,"Neutral",5,"Very Satisfied",5,"Strongly Agree",5,"Very Satisfied",3
"407",2501016,2025,"65 to 74","Man","White","$75,000 to $99,999",4,"Satisfied",4,"Satisfied",3,"Neutral",5,"Very Satisfied",5
"408",2501018,2025,"25 to 34","Nonbinary","White","$50,000 to $74,999",2,"Unsatisfied",2,"Unsatisfied",3,"Neutral",5,"Very Satisfied",3
"409",2501020,2025,"35 to 44","Woman","White","$150,000 to $199,999",4,"Satisfied",5,"Very Satisfied",5,"Strongly Agree",5,"Very Satisfied",4
"410",2501021,2025,"45 to 54","Man","White","$100,000 to $149,999",4,"Satisfied",4,"Satisfied",5,"Strongly Agree",5,"Very Satisfied",4
"411",2501022,2025,"65 to 74","Man","White","$50,000 to $74,999",3,"Neutral",5,"Very Satisfied",3,"Neutral",4,"Satisfied",5
"412",2501024,2025,"35 to 44","Woman","White","$150,000 to $199,999",4,"Satisfied",2,"Unsatisfied",4,"Agree",4,"Satisfied",3
"413",2501027,2025,"25 to 34","Woman","Hispanic or Latino","Less than $25,000",4,"Satisfied",3,"Neutral",2,"Disagree",4,"Satisfied",3
"414",2501032,2025,"35 to 44","Prefer not to answer","White","Prefer not to answer",3,"Neutral",4,"Satisfied",3,"Neutral",2,"Unsatisfied",3
"415",2501034,2025,"55 to 64","Man","White","Prefer not to answer",2,"Unsatisfied",4,"Satisfied",4,"Agree",2,"Unsatisfied",3
"416",2501036,2025,"65 to 74","Woman","White","$50,000 to $74,999",4,"Satisfied",4,"Satisfied",4,"Agree",4,"Satisfied",3
"417",2501038,2025,"35 to 44","Nonbinary","White","$150,000 to $199,999",3,"Neutral",4,"Satisfied",4,"Agree",3,"Neutral",2
"418",2501040,2025,"45 to 54","Woman","Prefer not to answer","Prefer not to answer",4,"Satisfied",5,"Very Satisfied",3,"Neutral",4,"Satisfied",4
"419",2501041,2025,"45 to 54","Woman","White","$50,000 to $74,999",3,"Neutral",3,"Neutral",2,"Disagree",4,"Satisfied",4
"420",2501043,2025,"65 to 74","Man","White","Less than $25,000",5,"Very Satisfied",5,"Very Satisfied",5,"Strongly Agree",5,"Very Satisfied",5
"421",2501048,2025,"45 to 54","Woman","White","$200,000 or more",5,"Very Satisfied",5,"Very Satisfied",5,"Strongly Agree",5,"Very Satisfied",3
"422",2501049,2025,"35 to 44","Woman","White","$50,000 to $74,999",3,"Neutral",3,"Neutral",4,"Agree",3,"Neutral",4
"423",2501052,2025,"35 to 44","Woman","White","$200,000 or more",3,"Neutral",4,"Satisfied",4,"Agree",4,"Satisfied",5
"424",2501053,2025,"35 to 44","Man","White","$200,000 or more",3,"Neutral",4,"Satisfied",3,"Neutral",5,"Very Satisfied",3
"425",2501054,2025,"45 to 54","Woman","White","$150,000 to $199,999",4,"Satisfied",5,"Very Satisfied",5,"Strongly Agree",4,"Satisfied",4
"426",2501055,2025,"Prefer not to answer","Prefer not to answer","Prefer not to answer","Prefer not to answer",3,"Neutral",5,"Very Satisfied",3,"Neutral",2,"Unsatisfied",3
"427",2501057,2025,"35 to 44","Woman","Prefer not to answer","Prefer not to answer",1,"Very Unsatisfied",5,"Very Satisfied",3,"Neutral",3,"Neutral",4
"428",2501059,2025,"35 to 44","Man","White","$200,000 or more",1,"Very Unsatisfied",5,"Very Satisfied",2,"Disagree",3,"Neutral",2
"429",2501062,2025,"55 to 64","Man","White","Less than $25,000",1,"Very Unsatisfied",5,"Very Satisfied",3,"Neutral",1,"Very Unsatisfied",2
"430",2501063,2025,"35 to 44","Woman","White","$200,000 or more",4,"Satisfied",5,"Very Satisfied",4,"Agree",5,"Very Satisfied",5
"431",2501066,2025,"55 to 64","Woman","White","$150,000 to $199,999",3,"Neutral",5,"Very Satisfied",4,"Agree",5,"Very Satisfied",4
"432",2501069,2025,"25 to 34","Woman","White","$75,000 to $99,999",3,"Neutral",4,"Satisfied",4,"Agree",4,"Satisfied",4
"433",2501070,2025,"65 to 74","Man","White","Prefer not to answer",3,"Neutral",5,"Very Satisfied",4,"Agree",4,"Satisfied",3
"434",2501073,2025,"45 to 54","Woman","White","$200,000 or more",4,"Satisfied",5,"Very Satisfied",5,"Strongly Agree",5,"Very Satisfied",5
"435",2501078,2025,"","Woman","Black or African American","Less than $25,000",3,"Neutral",5,"Very Satisfied",5,"Strongly Agree",5,"Very Satisfied",5
"436",2501085,2025,"45 to 54","Woman","White","$100,000 to $149,999",5,"Very Satisfied",5,"Very Satisfied",4,"Agree",5,"Very Satisfied",5
"437",2501088,2025,"25 to 34","Woman","Asian or Pacific Islander","$200,000 or more",3,"Neutral",5,"Very Satisfied",3,"Neutral",4,"Satisfied",4
"438",2501091,2025,"45 to 54","Woman","Hispanic or Latino","$200,000 or more",4,"Satisfied",5,"Very Satisfied",4,"Agree",4,"Satisfied",4
"439",2501092,2025,"45 to 54","Man","White","$200,000 or more",3,"Neutral",5,"Very Satisfied",5,"Strongly Agree",5,"Very Satisfied",3
"440",2501095,2025,"25 to 34","Woman","White","$100,000 to $149,999",4,"Satisfied",4,"Satisfied",4,"Agree",4,"Satisfied",4
"441",2501098,2025,"25 to 34","Woman","White","$75,000 to $99,999",4,"Satisfied",5,"Very Satisfied",4,"Agree",5,"Very Satisfied",5
"442",2501099,2025,"45 to 54","Man","Hispanic or Latino","$25,000 to $49,999",5,"Very Satisfied",3,"Neutral",5,"Strongly Agree",4,"Satisfied",5
"443",2501108,2025,"25 to 34","Man","White","$200,000 or more",4,"Satisfied",5,"Very Satisfied",4,"Agree",5,"Very Satisfied",4
"444",2501109,2025,"65 to 74","Woman","White","$75,000 to $99,999",3,"Neutral",5,"Very Satisfied",3,"Neutral",4,"Satisfied",4
"445",2501110,2025,"45 to 54","Man","White","$200,000 or more",4,"Satisfied",5,"Very Satisfied",4,"Agree",1,"Very Unsatisfied",4
"446",2501120,2025,"35 to 44","Man","White","$100,000 to $149,999",4,"Satisfied",4,"Satisfied",5,"Strongly Agree",4,"Satisfied",4
"447",2501122,2025,"35 to 44","Man","Prefer not to answer","Prefer not to answer",2,"Unsatisfied",1,"Very Unsatisfied",2,"Disagree",1,"Very Unsatisfied",2
"448",2501124,2025,"35 to 44","Woman","White","$75,000 to $99,999",2,"Unsatisfied",4,"Satisfied",3,"Neutral",3,"Neutral",5
"449",2501125,2025,"45 to 54","Prefer not to answer","Prefer not to answer","$200,000 or more",3,"Neutral",5,"Very Satisfied",5,"Strongly Agree",4,"Satisfied",5
"450",2501126,2025,"25 to 34","Man","White","$200,000 or more",3,"Neutral",4,"Satisfied",2,"Disagree",5,"Very Satisfied",4
"451",2501130,2025,"45 to 54","Woman","White","$200,000 or more",4,"Satisfied",5,"Very Satisfied",5,"Strongly Agree",4,"Satisfied",5
"452",2501134,2025,"45 to 54","Woman","White","$200,000 or more",4,"Satisfied",4,"Satisfied",5,"Strongly Agree",4,"Satisfied",4
"453",2501136,2025,"55 to 64","","White","$50,000 to $74,999",3,"Neutral",4,"Satisfied",2,"Disagree",3,"Neutral",3
"454",2501138,2025,"Prefer not to answer","Prefer not to answer","Prefer not to answer","Prefer not to answer",3,"Neutral",3,"Neutral",2,"Disagree",4,"Satisfied",3
"455",2501139,2025,"55 to 64","Man","White","$25,000 to $49,999",3,"Neutral",2,"Unsatisfied",2,"Disagree",2,"Unsatisfied",3
"456",2501143,2025,"35 to 44","Man","Asian or Pacific Islander","$150,000 to $199,999",3,"Neutral",4,"Satisfied",2,"Disagree",3,"Neutral",4
"457",2501144,2025,"55 to 64","Woman","White","$100,000 to $149,999",4,"Satisfied",1,"Very Unsatisfied",4,"Agree",4,"Satisfied",4
"458",2501146,2025,"25 to 34","Prefer not to answer","Hispanic or Latino","$200,000 or more",4,"Satisfied",3,"Neutral",4,"Agree",4,"Satisfied",4
"459",2501150,2025,"35 to 44","Woman","Prefer not to answer","$200,000 or more",3,"Neutral",5,"Very Satisfied",4,"Agree",4,"Satisfied",4
"460",2501151,2025,"65 to 74","Woman","Hispanic or Latino","Prefer not to answer",5,"Very Satisfied",5,"Very Satisfied",5,"Strongly Agree",5,"Very Satisfied",5
"461",2501153,2025,"","Prefer not to answer","Prefer not to answer","Prefer not to answer",5,"Very Satisfied",4,"Satisfied",5,"Strongly Agree",5,"Very Satisfied",5
"462",2501155,2025,"65 to 74","Nonbinary","","Prefer not to answer",1,"Very Unsatisfied",4,"Satisfied",2,"Disagree",1,"Very Unsatisfied",2
"463",2501159,2025,"45 to 54","Man","White","$100,000 to $149,999",4,"Satisfied",5,"Very Satisfied",5,"Strongly Agree",4,"Satisfied",4
"464",2501160,2025,"25 to 34","Woman","White","$100,000 to $149,999",4,"Satisfied",5,"Very Satisfied",1,"Strongly Disagree",2,"Unsatisfied",2
"465",2501162,2025,"","Woman","White","$150,000 to $199,999",3,"Neutral",4,"Satisfied",3,"Neutral",3,"Neutral",3
"466",2501164,2025,"75 or over","Woman","White","Prefer not to answer",4,"Satisfied",5,"Very Satisfied",4,"Agree",5,"Very Satisfied",5
"467",2501165,2025,"35 to 44","Nonbinary","White","$100,000 to $149,999",3,"Neutral",2,"Unsatisfied",5,"Strongly Agree",3,"Neutral",3
"468",2501170,2025,"35 to 44","","White","$200,000 or more",3,"Neutral",5,"Very Satisfied",4,"Agree",4,"Satisfied",4
"469",2501171,2025,"Prefer not to answer","Prefer not to answer","Prefer not to answer","$50,000 to $74,999",5,"Very Satisfied",5,"Very Satisfied",5,"Strongly Agree",3,"Neutral",5
"470",2501178,2025,"45 to 54","Woman","White","$200,000 or more",4,"Satisfied",5,"Very Satisfied",5,"Strongly Agree",4,"Satisfied",4
"471",2501180,2025,"45 to 54","Man","White","Prefer not to answer",3,"Neutral",5,"Very Satisfied",3,"Neutral",4,"Satisfied",3
"472",2501182,2025,"35 to 44","Man","White","$100,000 to $149,999",1,"Very Unsatisfied",4,"Satisfied",2,"Disagree",1,"Very Unsatisfied",4
"473",2501184,2025,"35 to 44","Woman","Asian or Pacific Islander","Prefer not to answer",2,"Unsatisfied",1,"Very Unsatisfied",3,"Neutral",4,"Satisfied",4
"474",2501189,2025,"25 to 34","Woman","Hispanic or Latino","$100,000 to $149,999",3,"Neutral",2,"Unsatisfied",3,"Neutral",3,"Neutral",3
"475",2501191,2025,"","Woman","White","$75,000 to $99,999",4,"Satisfied",5,"Very Satisfied",2,"Disagree",4,"Satisfied",4
"476",2501192,2025,"55 to 64","Woman","White","$150,000 to $199,999",3,"Neutral",5,"Very Satisfied",1,"Strongly Disagree",1,"Very Unsatisfied",4
"477",2501193,2025,"75 or over","Man","Hispanic or Latino","$25,000 to $49,999",4,"Satisfied",5,"Very Satisfied",3,"Neutral",4,"Satisfied",4
"478",2501194,2025,"25 to 34","Woman","White","$150,000 to $199,999",5,"Very Satisfied",4,"Satisfied",4,"Agree",5,"Very Satisfied",5
"479",2501195,2025,"55 to 64","Man","Asian or Pacific Islander","Less than $25,000",2,"Unsatisfied",4,"Satisfied",4,"Agree",4,"Satisfied",4
"480",2501196,2025,"","Man","White","$75,000 to $99,999",4,"Satisfied",4,"Satisfied",3,"Neutral",2,"Unsatisfied",4
"481",2501197,2025,"25 to 34","Man","Two or more races","$100,000 to $149,999",5,"Very Satisfied",4,"Satisfied",3,"Neutral",4,"Satisfied",4
"482",2501199,2025,"45 to 54","Woman","White","$100,000 to $149,999",4,"Satisfied",4,"Satisfied",4,"Agree",5,"Very Satisfied",4
"483",2501200,2025,"55 to 64","Woman","Hispanic or Latino","Less than $25,000",5,"Very Satisfied",3,"Neutral",3,"Neutral",5,"Very Satisfied",5
"484",2501201,2025,"25 to 34","Woman","Black or African American","$150,000 to $199,999",3,"Neutral",4,"Satisfied",3,"Neutral",4,"Satisfied",4
"485",2501202,2025,"","Man","Hispanic or Latino","$25,000 to $49,999",2,"Unsatisfied",1,"Very Unsatisfied",3,"Neutral",3,"Neutral",4
"486",2501203,2025,"55 to 64","Woman","White","$100,000 to $149,999",4,"Satisfied",5,"Very Satisfied",5,"Strongly Agree",5,"Very Satisfied",5
"487",2501204,2025,"25 to 34","Woman","White","$75,000 to $99,999",3,"Neutral",4,"Satisfied",4,"Agree",5,"Very Satisfied",3
"488",2501205,2025,"","Prefer not to answer","Prefer not to answer","Prefer not to answer",5,"Very Satisfied",5,"Very Satisfied",3,"Neutral",3,"Neutral",5
"489",2501208,2025,"35 to 44","Man","White","$200,000 or more",1,"Very Unsatisfied",3,"Neutral",2,"Disagree",2,"Unsatisfied",5
"490",2501210,2025,"25 to 34","Woman","White","Prefer not to answer",2,"Unsatisfied",4,"Satisfied",3,"Neutral",4,"Satisfied",5
"491",2501213,2025,"45 to 54","Woman","White","$75,000 to $99,999",4,"Satisfied",1,"Very Unsatisfied",2,"Disagree",2,"Unsatisfied",3
"492",2501214,2025,"45 to 54","Woman","White","$200,000 or more",3,"Neutral",4,"Satisfied",3,"Neutral",4,"Satisfied",4
"493",2501216,2025,"45 to 54","Woman","White","Prefer not to answer",2,"Unsatisfied",5,"Very Satisfied",4,"Agree",5,"Very Satisfied",4
"494",2501224,2025,"25 to 34","Man","White","$150,000 to $199,999",3,"Neutral",4,"Satisfied",2,"Disagree",3,"Neutral",3
"495",2501225,2025,"35 to 44","Woman","White","$200,000 or more",4,"Satisfied",4,"Satisfied",4,"Agree",5,"Very Satisfied",4
"496",2501226,2025,"55 to 64","Woman","Prefer not to answer","Prefer not to answer",3,"Neutral",5,"Very Satisfied",1,"Strongly Disagree",1,"Very Unsatisfied",3
"497",2501231,2025,"45 to 54","Man","White","$200,000 or more",3,"Neutral",5,"Very Satisfied",4,"Agree",5,"Very Satisfied",3
"498",2501233,2025,"45 to 54","Man","Asian or Pacific Islander","$150,000 to $199,999",4,"Satisfied",5,"Very Satisfied",4,"Agree",5,"Very Satisfied",4
"499",2501234,2025,"35 to 44","Man","White","$100,000 to $149,999",4,"Satisfied",5,"Very Satisfied",5,"Strongly Agree",5,"Very Satisfied",4
"500",2501235,2025,"45 to 54","Woman","White","$200,000 or more",2,"Unsatisfied",5,"Very Satisfied",5,"Strongly Agree",4,"Satisfied",3
"501",2501238,2025,"","Man","White","$50,000 to $74,999",3,"Neutral",5,"Very Satisfied",4,"Agree",4,"Satisfied",2
"502",2501239,2025,"","Woman","White","$75,000 to $99,999",1,"Very Unsatisfied",3,"Neutral",1,"Strongly Disagree",1,"Very Unsatisfied",4
"503",2501241,2025,"35 to 44","Man","White","Less than $25,000",3,"Neutral",2,"Unsatisfied",1,"Strongly Disagree",1,"Very Unsatisfied",1
"504",2501242,2025,"25 to 34","Woman","Asian or Pacific Islander","$50,000 to $74,999",2,"Unsatisfied",3,"Neutral",2,"Disagree",4,"Satisfied",2
"505",2501245,2025,"45 to 54","Woman","White","$200,000 or more",1,"Very Unsatisfied",5,"Very Satisfied",2,"Disagree",1,"Very Unsatisfied",4
"506",2501246,2025,"25 to 34","Woman","Prefer not to answer","",3,"Neutral",5,"Very Satisfied",4,"Agree",2,"Unsatisfied",4
"507",2501253,2025,"65 to 74","Woman","Black or African American","",5,"Very Satisfied",5,"Very Satisfied",5,"Strongly Agree",5,"Very Satisfied",5
"508",2501258,2025,"25 to 34","Prefer not to answer","Prefer not to answer","$200,000 or more",5,"Very Satisfied",2,"Unsatisfied",3,"Neutral",3,"Neutral",3
"509",2501259,2025,"35 to 44","Woman","White","$200,000 or more",4,"Satisfied",4,"Satisfied",4,"Agree",4,"Satisfied",4
"510",2501262,2025,"45 to 54","Woman","White","$200,000 or more",4,"Satisfied",5,"Very Satisfied",4,"Agree",4,"Satisfied",4
"511",2501265,2025,"25 to 34","Man","White","$100,000 to $149,999",2,"Unsatisfied",3,"Neutral",2,"Disagree",1,"Very Unsatisfied",3
"512",2501270,2025,"45 to 54","Woman","White","$200,000 or more",4,"Satisfied",5,"Very Satisfied",5,"Strongly Agree",5,"Very Satisfied",3
"513",2501274,2025,"55 to 64","Man","White","$50,000 to $74,999",1,"Very Unsatisfied",2,"Unsatisfied",4,"Agree",4,"Satisfied",4
"514",2501280,2025,"75 or over","Prefer not to answer","Hispanic or Latino","$25,000 to $49,999",1,"Very Unsatisfied",4,"Satisfied",3,"Neutral",2,"Unsatisfied",1
"515",2501281,2025,"25 to 34","Woman","White","$200,000 or more",4,"Satisfied",5,"Very Satisfied",3,"Neutral",4,"Satisfied",5
"516",2501284,2025,"65 to 74","Woman","White","Prefer not to answer",3,"Neutral",5,"Very Satisfied",1,"Strongly Disagree",2,"Unsatisfied",4
"517",2501285,2025,"","","","",3,"Neutral",2,"Unsatisfied",4,"Agree",2,"Unsatisfied",4
"518",2501286,2025,"55 to 64","Prefer not to answer","Prefer not to answer","$50,000 to $74,999",3,"Neutral",4,"Satisfied",5,"Strongly Agree",3,"Neutral",4
"519",2501287,2025,"25 to 34","Man","Asian or Pacific Islander","$200,000 or more",4,"Satisfied",5,"Very Satisfied",4,"Agree",4,"Satisfied",4
"520",2501288,2025,"45 to 54","Woman","White","$75,000 to $99,999",1,"Very Unsatisfied",4,"Satisfied",2,"Disagree",4,"Satisfied",3
"521",2501291,2025,"Prefer not to answer","Prefer not to answer","","$75,000 to $99,999",4,"Satisfied",3,"Neutral",5,"Strongly Agree",2,"Unsatisfied",1
"522",2501295,2025,"","","Hispanic or Latino","Prefer not to answer",1,"Very Unsatisfied",5,"Very Satisfied",1,"Strongly Disagree",1,"Very Unsatisfied",1
"523",2501296,2025,"25 to 34","Man","White","$150,000 to $199,999",3,"Neutral",4,"Satisfied",1,"Strongly Disagree",2,"Unsatisfied",1
"524",2501298,2025,"35 to 44","Woman","White","$200,000 or more",4,"Satisfied",5,"Very Satisfied",5,"Strongly Agree",5,"Very Satisfied",5
"525",2501302,2025,"25 to 34","Woman","White","$75,000 to $99,999",2,"Unsatisfied",2,"Unsatisfied",5,"Strongly Agree",4,"Satisfied",3
"526",2501303,2025,"Prefer not to answer","Man","White","Prefer not to answer",3,"Neutral",5,"Very Satisfied",3,"Neutral",3,"Neutral",5
"527",2501304,2025,"45 to 54","Man","White","$150,000 to $199,999",2,"Unsatisfied",5,"Very Satisfied",3,"Neutral",4,"Satisfied",4
"528",2501309,2025,"35 to 44","Woman","White","$200,000 or more",4,"Satisfied",5,"Very Satisfied",4,"Agree",4,"Satisfied",3
"529",2501312,2025,"65 to 74","Woman","Black or African American","Prefer not to answer",4,"Satisfied",4,"Satisfied",4,"Agree",4,"Satisfied",5
"530",2501314,2025,"45 to 54","Woman","Prefer not to answer","$100,000 to $149,999",2,"Unsatisfied",3,"Neutral",4,"Agree",2,"Unsatisfied",3
"531",2501317,2025,"75 or over","Woman","White","Less than $25,000",5,"Very Satisfied",5,"Very Satisfied",5,"Strongly Agree",5,"Very Satisfied",5
"532",2501318,2025,"18 to 24","Woman","White","$50,000 to $74,999",3,"Neutral",2,"Unsatisfied",4,"Agree",4,"Satisfied",4
"533",2501320,2025,"55 to 64","Man","White","$200,000 or more",4,"Satisfied",5,"Very Satisfied",4,"Agree",5,"Very Satisfied",4
"534",2501324,2025,"55 to 64","Woman","White","$75,000 to $99,999",4,"Satisfied",5,"Very Satisfied",4,"Agree",4,"Satisfied",4
"535",2501325,2025,"35 to 44","Woman","White","$75,000 to $99,999",3,"Neutral",5,"Very Satisfied",2,"Disagree",4,"Satisfied",2
"536",2501326,2025,"45 to 54","Woman","White","$75,000 to $99,999",3,"Neutral",4,"Satisfied",2,"Disagree",3,"Neutral",3
"537",2501327,2025,"55 to 64","Man","White","$150,000 to $199,999",1,"Very Unsatisfied",4,"Satisfied",1,"Strongly Disagree",2,"Unsatisfied",2
"538",2501332,2025,"65 to 74","Woman","","Prefer not to answer",3,"Neutral",4,"Satisfied",3,"Neutral",2,"Unsatisfied",3
"539",2501333,2025,"35 to 44","Man","White","$50,000 to $74,999",3,"Neutral",2,"Unsatisfied",2,"Disagree",2,"Unsatisfied",3
"540",2501337,2025,"65 to 74","Man","White","$50,000 to $74,999",3,"Neutral",4,"Satisfied",4,"Agree",4,"Satisfied",3
"541",2501342,2025,"25 to 34","Woman","Asian or Pacific Islander","$200,000 or more",3,"Neutral",4,"Satisfied",3,"Neutral",4,"Satisfied",2
"542",2501343,2025,"45 to 54","Woman","White","$150,000 to $199,999",5,"Very Satisfied",5,"Very Satisfied",5,"Strongly Agree",5,"Very Satisfied",4
"543",2501345,2025,"65 to 74","Man","White","$25,000 to $49,999",3,"Neutral",3,"Neutral",3,"Neutral",3,"Neutral",3
"544",2501347,2025,"35 to 44","Man","White","$150,000 to $199,999",3,"Neutral",4,"Satisfied",4,"Agree",4,"Satisfied",4
"545",2501348,2025,"35 to 44","Man","Hispanic or Latino","$200,000 or more",1,"Very Unsatisfied",4,"Satisfied",4,"Agree",4,"Satisfied",5
"546",2501350,2025,"55 to 64","Man","White","$200,000 or more",5,"Very Satisfied",5,"Very Satisfied",1,"Strongly Disagree",4,"Satisfied",2
"547",2501353,2025,"","Prefer not to answer","Prefer not to answer","Prefer not to answer",3,"Neutral",4,"Satisfied",4,"Agree",2,"Unsatisfied",3
"548",2501355,2025,"45 to 54","Woman","Asian or Pacific Islander","$100,000 to $149,999",3,"Neutral",4,"Satisfied",3,"Neutral",3,"Neutral",4
"549",2501357,2025,"45 to 54","Man","White","$200,000 or more",2,"Unsatisfied",5,"Very Satisfied",5,"Strongly Agree",4,"Satisfied",4
"550",2501362,2025,"25 to 34","Man","White","$150,000 to $199,999",3,"Neutral",3,"Neutral",3,"Neutral",5,"Very Satisfied",3
"551",2501363,2025,"65 to 74","Woman","Hispanic or Latino","Less than $25,000",5,"Very Satisfied",5,"Very Satisfied",5,"Strongly Agree",5,"Very Satisfied",5
"552",2501368,2025,"Prefer not to answer","Prefer not to answer","Prefer not to answer","Prefer not to answer",1,"Very Unsatisfied",4,"Satisfied",1,"Strongly Disagree",1,"Very Unsatisfied",5
"553",2501369,2025,"35 to 44","Woman","White","$200,000 or more",5,"Very Satisfied",5,"Very Satisfied",4,"Agree",4,"Satisfied",3
"554",2501370,2025,"75 or over","Woman","Hispanic or Latino","Prefer not to answer",3,"Neutral",5,"Very Satisfied",5,"Strongly Agree",5,"Very Satisfied",5
"555",2501371,2025,"75 or over","Woman","White","$75,000 to $99,999",3,"Neutral",5,"Very Satisfied",3,"Neutral",4,"Satisfied",4
"556",2501373,2025,"55 to 64","Man","White","$100,000 to $149,999",3,"Neutral",4,"Satisfied",4,"Agree",3,"Neutral",3
"557",2501374,2025,"45 to 54","Man","White","$100,000 to $149,999",3,"Neutral",5,"Very Satisfied",3,"Neutral",5,"Very Satisfied",4
"558",2501378,2025,"35 to 44","Man","Asian or Pacific Islander","$200,000 or more",2,"Unsatisfied",3,"Neutral",3,"Neutral",3,"Neutral",4
"559",2501379,2025,"25 to 34","Man","White","$200,000 or more",5,"Very Satisfied",2,"Unsatisfied",4,"Agree",4,"Satisfied",5
"560",2501381,2025,"25 to 34","Woman","White","$200,000 or more",5,"Very Satisfied",4,"Satisfied",4,"Agree",5,"Very Satisfied",4
"561",2501392,2025,"65 to 74","Woman","White","Prefer not to answer",4,"Satisfied",5,"Very Satisfied",3,"Neutral",5,"Very Satisfied",5
